"Client:","Division:","Program:","Opportunity Type:","Funnel Stage:","Practice Group:","Jan","Feb","Mar","Apr","May","Jun","Jul","Aug","Sep","Oct","Nov","Dec",
"AgReliant Genetics","AgriGold Hybrids","Grower Prospecting Program","Technekes Only","Closed","AG",,,,,45000,65000,75000,75000,25000,2500,2500,
"AGROTAIN Client","AGROTAIN Division","Retailer Data Cleanse, Append","Technekes Only","Closed","AG",23100,,,,,,,,,,,
"BASF","BASF","Carifend Global Monitoring - Phase 2 Enhancements","Partnered","Closed","AG",54700,,,,,,,,,,,
"BASF","BASF","Kixor Demand Creation Round 1","Cross Practice Groups","Closed","AG",102500,,,,,,,,,,,
"BASF","BASF","Verdict/Headline AMP Retailer Outreach","Technekes Only","Closed","AG",52500,,,,,,,,,,,
"BASF","BASF","Carifend Global Monitoring Hosting and Maintenance","Technekes Only","Closed","AG",,5000,2500,2500,2500,2500,2500,2500,2500,2500,2500,2500
"BASF","BASF","2009 GPP Received in 2011","Technekes Only","Closed","AG",,776.84,,,,,,,,,,
"BASF","BASF","2011 CSG ","Technekes Only","Closed","AG",496199.62,52373.7,47521,45800,45800,45800,45800,28000,45800,30335,30335,
"BASF","BASF","2011 Headline Advantage ","Technekes Only","Closed","AG",401300,,48700,,,,,,,,,
"BASF","BASF","2012 Grower Demand Creation Program","Technekes Only","SOW","AG",,,,,,,,,,,,
"BASF","BASF","2011 Headline Advantage CLEARFIELD RICE Demand Creation","Technekes Only","Closed","AG",,,,45000,,,,,,,,
"BASF","BASF","TwinLine Demand Creation","Technekes Only","Closed","AG",125000,,23500,,,,,,,,,
"BASF","BASF","Plant Health Tutorial Support","Technekes Only","Closed","AG",,,,,,,,,,,,
"BASF","BASF","2011 CSG Pay-For-Performance","Technekes Only","Lost","AG",,,,,,,,,,,,300000
"BASF","BASF","Prospect Lead Gen and Lead Follow-Through","Technekes Only","Closed","AG",,,,,75000,175000,,,,,,
"BASF","BASF","Xemium Communications Support","Technekes Only","Lost","AG",,,,,,,,,,,,
"BASF","BASF","Specialty Support","Technekes Only","Lost","AG",,,,,,,,,,,,
"BASF","BASF","CPS/United Suppliers Co-Brand Lead Generation","Technekes Only","Opportunity","AG",,,,,,,,,,,,
"BASF","BASF","2011 Retailer Farm Plan Reminder Outreach","Technekes Only","Closed","AG",,,,54000,,,,,,,,
"BASF","BASF","Kixor Demand Creation Spring Blitz","Technekes Only","Closed","AG",,,,,,70000,,,,,,
"BASF","BASF","Kixor Demand Creation Round 2","Technekes Only","Closed","AG",,,,30000,,,,,,,,
"BASF","BASF","Carifend Global Monitoring Ongoing Enhancements","Technekes Only","Closed","AG",,,,,,,14550,,,,,
"BASF","BASF","2012 CLEARFIELD Demand Creation Program","Technekes Only","Opportunity","AG",,,,,,,,,,,,
"BASF","BASF","2012 BASF Grower Program Promotion","Technekes Only","Opportunity","AG",,,,,,,,,,,,
"BASF","BASF","2012 Trial User Customer Care Program","Technekes Only","SOW","AG",,,,,,,,,,,,
"BASF","BASF Plant Science","2010 Revenue Received in 2011","Technekes Only","Closed","AG",3200,2500,,,,,,,,,,
"BASF","BASF Plant Science","Final Net Sales Incorporation","Technekes Only","SOW","AG",,,2500,2500,2500,,,,,,,
"BASF","BASF","PCA Identification and Qualification Outreach","Technekes Only","Closed","AG",,,,,3200,,,,,,,
"BASF","BASF","Aerial Applicator Outreach","Technekes Only","Closed","AG",,,,,,,6500,,,,,
"Case IH","Case IH","Equipment","Technekes Only","Conversation","AG",,,,,,,,,,,,
"Dairyland Seeds","Dairyland Seeds","Lead Generation ","Technekes Only","Opportunity","AG",,,,,,,,,,,,
"Dow","Ag Chem","Sales Assistant Program","Technekes Only","Closed","AG",0,0,325000,0,108333.333333333,108333.333333333,108333.333333333,108333.333333333,108333.333333333,108333.333333333,108333.333333333,108333.333333333
"Dow","Ag Chem","2010-Sales Assistant Dollars Received in 2011","Technekes Only","Closed","AG",,100000,,,,,,,,,,
"Dow","Ag Chem","Matched Acre Outreach","Technekes Only","Lost","AG",,,,,,,,,,,,
"Dow","Ag Chem","Additional Admin Support","Technekes Only","No Longer An Opportunity","AG",,,,,,,,,,,,
"Dow","Ag Chem","Sulfoxaflor DC","Technekes Only","No Longer An Opportunity","AG",,,,,,,,,,,,
"Dow","Ag Chem","Nitrapyrin DC","Technekes Only","No Longer An Opportunity","AG",,,,,,,,,,,,
"Dow","Ag Chem","DHT DC","Technekes Only","Opportunity","AG",,,,,,,,,,,,
"Dow","Ag Chem","2012 Grower Rewards","Technekes Only","Opportunity","AG",,,,,,,,,,,,
"Dow","Ag Chem","Entrust Demand Creation","Technekes Only","Scoped","AG",,,,,,,,,,,,
"Dow","Mycogen Seeds","Account Management/FF","Technekes Only","Closed","AG",0,53035.8333333333,53035.8333333333,53035.8333333333,22480.2777777778,22480.2777777778,22480.2777777778,22480.2777777778,22480.2777777778,22480.2777777778,32640.0416666667,28056.7083333333
"Dow","Mycogen Seeds","Grower Dashboard","Technekes Only","Closed","AG",0,25333.3333333333,25333.3333333333,25333.3333333333,8444.4444444444,8444.4444444444,8444.4444444444,8444.4444444444,8444.4444444444,8444.4444444444,12666.6666666667,12666.6666666667
"Dow","Mycogen Seeds","Grower Database","Technekes Only","Closed","AG",0,30833.3333333333,30833.3333333333,30833.3333333333,10277.7777777778,10277.7777777778,10277.7777777778,10277.7777777778,10277.7777777778,10277.7777777778,15416.6666666667,15416.6666666667
"Dow","Mycogen Seeds","Mycogen Cares & Travel ","Technekes Only","Closed","AG",0,72449.9166666667,72449.9166666667,72449.9166666667,72449.9166666667,72449.9166666667,72449.9166666667,78700,78700,72449.9166666667,72449.9166666667,72449.9166666667
"Dow","Mycogen Seeds","2010-Mycogen Cares Dollars Received in 2011","Technekes Only","Closed","AG",204692,,,,,,,,,,,
"Dow","Mycogen Seeds","Click Thru Measurement","Technekes Only","Lost","AG",0,0,0,7812.5,7812.5,3125,3125,3125,3125,3125,3125,3125
"Dow","Mycogen Seeds","Online Metrics","Technekes Only","Lost","AG",0,0,136344.2,5035.4,5035.4,5035.4,5035.4,5035.4,5035.4,5035.4,0,0
"Dow","Mycogen Seeds","Online Prospecting","Technekes Only","Lost","AG",0,0,157108.2,5035.4,5035.4,5035.4,5035.4,5035.4,5035.4,5035.4,0,0
"Dow","Mycogen Seeds","Mobile Lead Application","Technekes Only","Lost","AG",0,0,0,15841,15841,6336.5,6336.5,6336.5,6336.5,6336.5,6336.5,6336.5
"Dow","Mycogen Seeds","Prospect Outreach","Technekes Only","Lost","AG",0,0,0,0,24383.3113858043,24383.3113858043,27648.4516481593,27648.4516481593,27648.4516481593,7223.25,0,0
"Dow","Mycogen Seeds","Grower Loyalty Program","Technekes Only","No Longer An Opportunity","AG",,,,,,,,,,,,
"Dow","Mycogen Seeds","Grower POS Data Collection","Technekes Only","No Longer An Opportunity","AG",,,,,,,,,,,,
"Dow","Mycogen Seeds","Trait Agreement Support","Technekes Only","No Longer An Opportunity","AG",0,0,54285.9341255252,23639.4341255252,23639.4341255252,23639.4341255252,6129.3,0,0,0,0,0
"Dow","Mycogen Seeds","Helena/CPS Outreach","Technekes Only","No Longer An Opportunity","AG",0,0,0,0,35829.4349814926,35829.4349814926,62558.3765556222,62558.3765556222,62558.3765556222,7642.3666666667,0,0
"Dow","T&O","Sales Assistant (2012)","Technekes Only","Lost","AG",,,,,,,,,,,,
"Dow","T&O","2010/2011 Power of MORE","Technekes Only","Closed","AG",0,0,18000,1000,6000,2000,2000,4000,8000,60000,24000,20000
"Dow","T&O","Enhancements to 2010/2011 Power of MORE","Technekes Only","No Longer An Opportunity","AG",,,,,,,,,,,,
"Dow","T&O","2011/2012 Power of MORE Program","Technekes Only","SOW","AG",,,,,,,,,,,,11611
"Dow","T&O","2011/2012 Power of MORE Outreach","Technekes Only","Lost","AG",,,,,,,,,,,,
"DuPont","DuPont","Suite Choices 2010-2011","Technekes Only","Closed","AG",93350,56188,93150,105000,102500,119800,79960,,,,,
"DuPont","DuPont","Suite Choices 2011-2012","Technekes Only","Closed","AG",,,,,,,,,,,150000,150000
"DuPont","DuPont","TruChoice","Technekes Only","Closed","AG",21108,21108,54021,54021,54021,54021,54021,54021,54021,54021,54021,54021
"DuPont","DuPont","Land Use Management Inside Sales","Technekes Only","No Longer An Opportunity","AG",,,,,,,,,,,,
"DuPont","DuPont","2011 Suite Choices Incentive System Enhancements","Technekes Only","Opportunity","AG",,,,,,,,,,,,
"DuPont","DuPont","2011 ""Build a Better Team"" Inside Sales Support","Technekes Only","Conversation","AG",,,,,,,,,,,,
"DuPont","DuPont","Program Communication Manager","Technekes Only","No Longer An Opportunity","AG",,,,,,,,,,,,
"DuPont","DuPont","Cereals Demand Creation","Technekes Only","No Longer An Opportunity","AG",,,,,,,,,,,,
"DuPont","DuPont","Realm Q Demand Creation","Technekes Only","No Longer An Opportunity","AG",,,,,,,,,,,,
"DuPont","DuPont","Southern Partner Acre Rewards Program","Technekes Only","No Longer An Opportunity","AG",,,,,,,,,,,,
"DuPont","DuPont","Cereals Portfolio Opportunity Analysis","Technekes Only","Closed","AG",,,,,,,20500,,,17500,,
"DuPont","DuPont","Pioneer Data Integration and Marketing Database Development","Technekes Only","Closed","AG",,,,,,,,,13200,,,
"Envincio","Envincio","John Deere Landscapes Outreach","Technekes Only","Key Target","AG",,,,,25000,25000,20000,,,,,
"Elanco Animal Health","Elanco Animal Health","Animal Health","Technekes Only","Closed","AG",,,,,,,,,,,,
"Ingersoll Rand","Industrial Technologies","Communications Database, Email Campaign Management, Bouncebacks and Web Inquiry Management ","Technekes Only","SOW","AG",,,,,30000,20000,20000,20000,20000,20000,20000,20000
"Intervet Schering Plough","Intervet Schering Plough","Animal Health","Technekes Only","Key Target","AG",,,,,,,,,,,,
"JD Credit","JD Credit","Ag Credit/Finance","Cross Practice Groups","Key Target","AG",,,,,,,,,,,,
"NuFarm Americas","Nufarm Americas","Ag Chem Division","Technekes Only","SOW","AG",,,,,,10000,10000,10000,10000,,,
"John Deere ","John Deere ","Equipment Division","Technekes Only","Key Target","AG",,,,,,,,,,,,
"Novartis Animal Health","Novartis Animal Health","Animal Health","Technekes Only","Key Target","AG",,,,,,,,,,,,
"Pfizer Animal Health ","Pfizer Animal Health ","Animal Health","Technekes Only","Conversation","AG",,,,,,,,,,,,
"PhytoGen Seeds","PhytoGen Seeds","PhytoGen Cares","Technekes Only","Lost","AG",,,,,,,,,,,,
"Pioneer","Pioneer","Southern Region Customer Satisfaction","Technekes Only","Lost","AG",,,,,,,,,,,,
"Pioneer","Pioneer","Sales Tool Box","Technekes Only","No Longer An Opportunity","AG",,,,,,,,,,,,
"Pioneer","Pioneer","Western Region Market Research","Technekes Only","No Longer An Opportunity","AG",,,,,,,,,,,,
"Pioneer","Pioneer","Heartland Region Retention","Technekes Only","No Longer An Opportunity","AG",,,,,,,,,,,,
"Pioneer","Pioneer","Northeast Region Retention","Technekes Only","No Longer An Opportunity","AG",,,,,,,,,,,,
"Rabobank","Rabobank","Ag Credit/Finance","Cross Practice Groups","Key Target","AG",,,,,,,,,,,,
"RCIS","RCIS","Rewards Platform","Partnered","Conversation","AG",,,,,,,,,,,,
"RCIS","RCIS","RCIS / BASF Co-Branded Mailing","Technekes Only","Lost","AG",,,,,,,,,,,,
"RCIS","RCIS","Data Collection","Technekes Only","Opportunity","AG",,,,,,,,,,,,
"Sea Star Line","Sea Star Line","Customer Acquisition and Demand Creation","Technekes Only","Scoped","AG",,,,,,,,,,,,
"SipcamAdvab","SipcamAdvan","Incremental Dollars","Technekes Only","Opportunity","AG",,,,,,,,,,,,
"SipcamAdvan","SipcamAdvan","Contans Grower Mailing","Technekes Only","Closed","AG",4166.66,4166.66,4166.66,4166.66,4166.67,4166.67,4166.67,4166.67,4166.67,4166.67,4166.67,4166.67
"SipcamAdvan","SipcamAdvan","Retailer Rewards","Partnered","Closed","AG",2083.33,2083.33,2083.33,2083.33,2083.33,2083.33,2083.33,2083.33,2083.34,2083.34,2083.34,2083.34
"SipcamAdvan","SipcamAdvan","Retailer Outreach","Technekes Only","Closed","AG",4166.66,4166.66,4166.66,4166.66,4166.67,4166.67,4166.67,4166.67,4166.67,4166.67,4166.67,4166.67
"SipcamAdvan","SipcamAdvan","Account Services","Technekes Only","Closed","AG",2083.33,2083.33,2083.33,2083.33,2083.33,2083.33,2083.33,2083.33,2083.34,2083.34,2083.34,2083.34
"Southern States ","Southern States","Defector Study & Win Back Program","Technekes Only","SOW","AG",,,,,,,,,,,,
"Syngenta Crop Protection","Syngenta Crop Protection","Demand Creation ","Technekes Only","Conversation","AG",,,,,,,,,,,,
"Syngenta Seedcare","Syngenta Seedcare","Satisfaction Survey/NPS","Technekes Only","Closed","AG",58256,140931,,,,,,,,,,
"Syngenta Seedcare","Syngenta Seedcare","Boots on the Ground II","Technekes Only","Opportunity","AG",,,,,,,,,,,,
"Syngenta Seeds","Syngenta Seeds","Acquisition and Retention Program","Technekes Only","Scoped","AG",,,,,,,,,,,,
"Syngenta Seedcare","Syngenta Seedcare","Boots on the Ground: 2011","Technekes Only","Opportunity","AG",,,,,,,,,,,,
"United Suppliers","United Suppliers","DK / Monsanto Seed Support","Technekes Only","Scoped","AG",,,,,,,,,,,,
"Valent","Valent","Data Integration and RFP","Technekes Only","No Longer An Opportunity","AG",,,,,,,,,,,,
"Virbac Animal Health","Virbac Animal Health","Animal Health","Technekes Only","Key Target","AG",,,,,,,,,,,,
"Wells Fargo","Agribusiness Division ","Prospecting Demand Creation Program ","Cross Practice Groups","Opportunity","AG",,,,,,,,,,,,
"BAC","CDG","Emerging Migration","Technekes Only","Closed","FS",45000,,,,,,,,,,,
"BAC","Leasing","Pilot","Technekes Only","Closed","FS",50000,,32000,,,,,,,,,
"BAC","CDG","Outreach ['10 PreBill]","Technekes Only","Closed","FS",150000,,,,,,,,,,,
"BB&T ","Equipment Finance","Leads Mgmt - Pilot","Technekes Only","Lost","FS",,30000,30000,30000,,,,,,,,
"BB&T ","Business Bank  ","Leads Mgmt - Pilot","Technekes Only","SOW","FS",,,,,,25000,25000,50000,,,,
"BB&T ","Business Bank  ","Leads Mgmt - Roll","Technekes Only","Opportunity","FS",,,,,,,,,75000,75000,50000,
"BAC","CDG","Outreach","Technekes Only","Closed","FS",,103000,26622,125000,125000,130000,130000,130000,130000,130000,180000,180000
"BB&T ","Equipment Finance","Leads Mgmt - Roll","Technekes Only","Lost","FS",,,,,25000,35000,50000,50000,50000,50000,35000,15000
"BAC","Leasing","Roll-Out","Technekes Only","Scoped","FS",,,,,,25000,25000,25000,25000,25000,25000,
"BAMS","Sales Support [SAE Org]","SAE Leads Mgmt; Wyndham 'Hunting License' ","Technekes Only","Scoped","FS",,,,,,25000,25000,25000,25000,25000,25000,
"BAMS","Sales Support [Small Biz]","Digital Outreach / Small Biz lead mgmt","Technekes Only","Scoped","FS",,,,,,25000,25000,25000,25000,25000,25000,
"BB&T","BB&T","SMB Customer Outreach","Technekes Only","Opportunity","FS",,,,,,,25000,25000,25000,25000,25000,25000
"BAC","Small Business","Outreach [Cross-Sell: DDA to MS; MS to DDA] - Pilot","Technekes Only","SOW","FS",,,,,,,25000,25000,25000,,,
"BAC","Small Business","Outreach [Cross-Sell: DDA to MS; MS to DDA] - Roll","Technekes Only","Scoped","FS",,,,,,,,,,,50000,50000
"BAC","Mass Affluent","""Welcome Call"" / Leads Program - Pilot","Technekes Only","Lost","FS",,,,25000,25000,,,,,,,
"BAC","Mass Affluent","""Welcome Call"" / Leads Program - Roll","Technekes Only","Lost","FS",,,,,,50000,50000,50000,50000,50000,50000,50000
"BB&T  ","Insurance","Leads Mgmt Pilot","Technekes Only","SOW","FS",,,,,,25000,25000,25000,25000,25000,,
"Elavon","Elavon","Telesales","Technekes Only","No Longer An Opportunity","FS",,,,100000,100000,100000,100000,100000,100000,100000,100000,100000
"Elavon","Elavon","Leads Mgmt [Cross-Sell to Medical Office Customers]","Technekes Only","Opportunity","FS",,,,,,,25000,25000,25000,25000,,
"Fifth Third","Fifth Third","Leads Mgmt","Technekes Only","Key Target","FS",,,,,,,,,,,,
"BAC","Business Banking","Leads Mgmt","Technekes Only","No Longer An Opportunity","FS",,,,,,,50000,50000,50000,50000,50000,50000
"D&B","D&B"," Top 40 Banks","Partnered","Conversation","FS",,,,,,,,,,,,
"First Data","First Data","Leads Mgmt","Technekes Only","Conversation","FS",,,,,,,,,,,,
"Wells Fargo","Small Business & Biz Insurance","Outreach","Technekes Only","Key Target","FS",,,,,,,,,,,,
"Western Union","Western Union","Leads Mgmt","Partnered","Opportunity","FS",,,,,,,,,,,,
"Citi (Retail Finance)","Home Depot","PAR Leads Mgmt - Pilot","Technekes Only","SOW","FS",,,,,,25000,50000,50000,25000,,,
"Citi (Retail Finance)","Home Depot","PAR Leads Mgmt - Roll","Technekes Only","Scoped","FS",,,,,,,,,100000,100000,100000,
"BancorpSouth","BancorpSouth","SMB Outreach","Technekes Only","Key Target","FS",,,,,,,,,,,,
"Capital One Bank","Capital One Bank","SMB Outreach","Technekes Only","Key Target","FS",,,,,,,,,,,,
"CarolinaFirst Bank","CarolinaFirst Bank","SMB Outreach","Technekes Only","No Longer An Opportunity","FS",,,,,,,,,,,,
"Chase Paymentech","Chase Paymentech","Leads Mgmt","Technekes Only","Key Target","FS",,,,,,,,,,,,
"First Citizens","First Citizens","SMB Outreach","Technekes Only","Key Target","FS",,,,,,,,,,,,
"Global Payments","Global Payments","Leads Mgmt","Technekes Only","Key Target","FS",,,,,,,,,,,,
"Harris Bank","Harris Bank","SMB Outreach","Technekes Only","Key Target","FS",,,,,,,,,,,,
"Huntington Bank","Huntington Bank","SMB Outreach","Technekes Only","Key Target","FS",,,,,,,,,,,,
"Marsh","Marsh","Leads Mgmt","Technekes Only","Key Target","FS",,,,,,,,,,,,
"PNC Bank","PNC Bank","Leads Mgmt","Technekes Only","Key Target","FS",,,,,,,,,,,,
"RBC","SMB Outreach","Customer Outreach","Technekes Only","Conversation","FS",,,,,,,,,,,,
"RBC","Business Bank","Customer Outreach","Technekes Only","Key Target","FS",,,,,,,,,,,,
"SunTrust","SunTrust","Merchant Srvs","Technekes Only","Key Target","FS",,,,,,,,,,,,
"SunTrust","SunTrust","SMB Outreach","Technekes Only","Key Target","FS",,,,,,,,,,,,
"Synovus Bank","Synovus Bank","SMB Outreach","Technekes Only","Key Target","FS",,,,,,,,,,,,
"TIAA CREF","TIAA CREF","Customer Outreach","Technekes Only","Conversation","FS",,,,,,,,,,,,
"TSYS","TSYS","Merchant Srvs","Technekes Only","Conversation","FS",,,,,,,,,,,,
"US Bank","US Bank","Leads Mgmt","Technekes Only","Key Target","FS",,,,,,,,,,,,
"Zions Bank","Zions Bank","SMB Outreach","Technekes Only","Key Target","FS",,,,,,,,,,,,
"GE Capital","Lowe's Commercial Sales","Sales Incentive","Technekes Only","No Longer An Opportunity","FS",,,,,,,,,,,,
"Wells Fargo","Business Insurance","Leads Mgmt","Technekes Only","Conversation","FS",,,,,,,,,,,,
"Bank of NC","Commercial Lending","Leads Mgmt","Technekes Only","Key Target","FS",,,,,,,,,,,,
"Abbott Nutritionals","Abbott Nutritionals","Ensure DM and SA","Technekes Only","Scoped","HC",,,,,,,,,,,,
"Access One","Med Card","Branding, web dev and appt setting","Technekes Only","Scoped","HC",,,10000,10000,10000,10000,10000,"in ",,,,
"Allergan","Allergan","BIFS","Technekes Only","Closed","HC",61500,71500,61500,61500,61500,61500,61500,61500,61500,61500,61500,61500
"Allergan","Allergan","Sanctura XR","Technekes Only","Closed","HC",30000,30000,30000,,,,,,,,,
"Allergan","Allergan","Tazorac","Technekes Only","Closed","HC",1200,800,,,,,,,,,,
"Allergan","SXR - new 2011","SA","Technekes Only","Scoped","HC",,,,,,,,,,,,
"Aqua Pharma","Aqua Pharma","SA - Derm Franchise","Technekes Only","SOW","HC",,0,11833.3333333333,11833.3333333333,11833.3333333333,11833.3333333333,11833.3333333333,11833.3333333333,11833.3333333333,11833.3333333333,11833.3333333333,11833.3333333333
"Azur Pharma","Azur Pharma","AVC cream","Technekes Only","Closed","HC",5000,5000,5000,5000,5000,5000,,,,,,
"Azur Pharma","Azur Pharma","Elestrin SA","Technekes Only","Closed","HC",5000,5000,5000,5000,5000,5000,,,,,,
"Bayer Healthcare Pharma","Bayer Healthcare Pharma","Pt Survey and SA","Technekes Only","Opportunity","HC",,,,,,,,,,,,
"Bayer Healthcare Pharma","Bayer Healthcare Pharma","Beyax","Technekes Only","Key Target","HC",,,,,,,,,,,,
"BD Bioservices","Lab products","Recruiting for panel","Technekes Only","Closed","HC",,,14500,,,,,,,,,
"BI","BI","Pradaxa","Technekes Only","Key Target","HC",,,,,,,,,,,,
"Eurand","Eurand","Zenpep - 2 pilots","Technekes Only","Closed","HC",,,,,,,,,,,,
"Forest Labs","Forest Labs","Telfaro","Technekes Only","Key Target","HC",,,,,,,,,,,,
"Graceway Pharmaceuticals","Zyclara","SA","Technekes Only","SOW","HC",,,,,,51250,51250,51250,51250,51250,51250,51250
"GSK","Arzerra","Healthy Outcomes","Technekes Only","Opportunity","HC",,,,,,,,,,,,
"GSK Steiffel","GSK Steiffel","Derm line","Technekes Only","Opportunity","HC",,,,,,,,,,,,
"GSK Vaccines","GSK Vaccines","Cervarix Frig ","Partnered","No Longer An Opportunity","HC",,,,,,,,,,,,
"GTC Biotherapeutics","Atryn","SA","Technekes Only","Opportunity","HC",,,,,,,,,,,,
"Iroko","Iroko","Indocin","Technekes Only","SOW","HC",,,,,,,,,,,,
"JNJ","Pricara","Nucynta XR launch","Partnered","Scoped","HC",,,,,,,,,,,,
"JNJ","Vistakon","Lead gen and appt setting","Technekes Only","Key Target","HC",,,,,,,,,,,,
"JNJ","Ethicon Endosurgery","Lead gen and appt setting","Technekes Only","Key Target","HC",,,,,,,,,,,,
"Kythera Pharma","Kythera Pharma","ATX101 Post Marketing","Technekes Only","No Longer An Opportunity","HC",,,,,,,,,,,,
"Labopharm","Labopharm","Oleptra","Technekes Only","Key Target","HC",,,,,,,,,,,,
"Leo Pharma","Leo Pharma","Psoriasis line","Technekes Only","Closed","HC",,,,27500,27500,27500,27500,27500,27500,27500,27500,27500
"McKesson","McKesson","Merck post mktg study","Partnered","No Longer An Opportunity","HC",3916.6666666667,3916.6666666667,3916.6666666667,3916.6666666667,3916.6666666667,3916.6666666667,3916.6666666667,3916.6666666667,3916.6666666667,3916.6666666667,3916.6666666667,3916.6666666667
"Merck","Merck","Saphris","Technekes Only","Key Target","HC",,,,,,,,,,,,
"Merck","REMS","Healthy Outcomes type program?","Partnered","Opportunity","HC",,,,,,,,,,,,
"Merz","Merz","Xeomin","Technekes Only","Key Target","HC",,,,,,,,,,,,
"New Am Therapeutics","New Am Therapeutics","Denavir","Technekes Only","Key Target","HC",,,,,,,,,,,,
"Novartis","Novartis","Gilenya","Technekes Only","Key Target","HC",,,,,,,,,,,,
"Noven","Noven","Daytrana","Technekes Only","Key Target","HC",,,,,,,,,,,,
"Pfizer","Pfizer","Effexor XR Web survey","Technekes Only","No Longer An Opportunity","HC",6816.6666666667,6816.6666666667,6816.6666666667,6816.6666666667,6816.6666666667,6816.6666666667,6816.6666666667,6816.6666666667,6816.6666666667,6816.6666666667,6816.6666666667,6816.6666666667
"Pfizer","Pfizer","Healthy Outcomes for new indication","Partnered","Scoped","HC",,,,,,,,,,,,
"Pfizer","Pfizer","Cons, Nutr and An Health","Technekes Only","Opportunity","HC",,,,,,,,,,,,
"Pfizer","Pfizer","Enbrel Pt Survey","Technekes Only","Opportunity","HC",,,,,,,,,,,,
"Pfizer","Pfizer","EPBU","Technekes Only","Opportunity","HC",,,,,,,,,,,,
"Pfizer","Pfizer","Hemophilia Pt Ed - web","Technekes Only","Opportunity","HC",,,,,,,,,,,,
"Pfizer","Chantix","KeyInsights","Partnered","Scoped","HC",,,,,,,,,,,,
"PPD","PPD","oral solid anti-fungal study","Technekes Only","Lost","HC",,,,,,,,,,,,
"Salix","Salix","Xifaxan 550","Technekes Only","Scoped","HC",,,,,,,,,,,,
"Salix","Salix","Xifaxan 550","Technekes Only","Scoped","HC",,,,,,,,,,,,
"Shionogi","Kapvay","Healthy Outcomes","Technekes Only","Key Target","HC",,,,,,,,,,,,
"Shire","Intuniv","SA","Technekes Only","Opportunity","HC",,,,,,,,,,,,
"Smith and Nephew","Wound care Div","Lead gen and appt setting","Technekes Only","Key Target","HC",,,,,,,,,,,,
"SOBI","SOBI","SA","Technekes Only","Opportunity","HC",,,,,,,,,,,,
"Stratova/Par","Stratova/Par","Oravig","Technekes Only","Key Target","HC",,,,,,,,,,,,
"Sunovion","Sunovion","Latuda","Technekes Only","Key Target","HC",,,,,,,,,,,,
"Synthes","Synthes","SA - support","Technekes Only","Opportunity","HC",,,,,,,,,,,,
"The Planning Shop Intern'l","Market Research firm","Lead gen and appt setting","Technekes Only","Opportunity","HC",,,1000,,,,,,,,,
"Three Rivers","Three Rivers","SA ","Technekes Only","Scoped","HC",,,,,,,,,,,,
"URL","URL","Colcrys SA","Technekes Only","Lost","HC",,,,,,,,,,,,
"Vertex Pharmaceuticals","New drug - ph 3 now","SA","Technekes Only","Scoped","HC",,,,,,,,,,,,
"W-C","W-C","Lo Loestrin FE","Technekes Only","Key Target","HC",,,,,,,,,,,,
"Ciba Vision/Novartis","Ciba Vision","Lead Generation Pilot ","Technekes","Closed","IG",,,,,,30000,30000,15170,15170,15170,15170,15170
"GMI/PSS","Imaging","Lead Generation  - Pilot","Technekes","Closed","IG",,,,,,10000,10000,10000,10000,17500,10000,10000
"GMI","GMI sales","Lead Generation","Technekes Only","Conversation",,,,,,,,,5000,5000,5000,5000,5000
"UPS","Inside Sales Organization","Incentives + Data Management","Partnered","Conversation","IG",,,,,,,,,,,,
"UPS","Customer Service Centers","Incentives","Xceleration","Conversation","IG",,,,,,,,,,,,
"PSS World Medical","Phys Bill + Imaging","Lead Gen+Incentives","Partnered","Conversation","IG",,,,,,,,,,,,
"BCBSNC","Marketing","Small+Mid size groups (businesses) Pilot","Technekes","SOW","IG",,,,,,,21333.3333333333,21333.3333333333,21333.3333333333,,,
"BCBSNC","Marketing","Small+Mid size groups (businesses) Roll out","Partnered","SOW","IG",,,,,,,,,,16000,16000,16000
"BCBSNC","Customer Service Centers","Incentives","Xceleration","Key Target","IG",,,,,,,,,,,,
"AGCO","Sales & Marketing","Lead Gen+Incentives","Partnered","Conversation","IG",,,,,,,,,,,,
"Comcast","Marketing and Sales","Lead Gen+Incentives","Partnered","Key Target","IG",,,,,,,,,,,,
"DirecTV","Marketing and Sales ","Lead Gen","Partnered","Conversation","IG",,,,,,,,,,,,
"Time Warner Cable","Sales and Marketing","Lead Gen+Incentives","Partnered","Conversation","IG",,,,,,,,,,,,
"FedEx","Marketing","Lead Gen+Incentives","Partnered","Conversation","IG",,,,,,,,,,,,
"USA Mobility","Sales and Marketing","Lead Gen+Incentives","Partnered","Key Target","IG",,,,,,,,,,,,
"Michelin ","Agriculture Division","Lead Gen+Incentives","Partnered","Key Target","IG",,,,,,,,,,,,
"Titan Tire","Sales & Marketing-Ag Tires","Sales assist+Incentives-Current Customers","Partnered","Conversation","IG",,,,,,,,,,,,
"Office Depot","BSD Sales ","Lead Gen+Incentives","Partnered","Key Target","IG",,,,,,,,,,,,
"Newell Rubbermaid","Sales & Marketing","Lead Gen+Incentives","Partnered","Key Target","IG",,,,,,,,,,,,
"Varian Medical Systems ","Sales and Marketing","Lead Gen+Incentives","Partnered","Key Target","IG",,,,,,,,,,,,
"Sirona Dental","Sales and Marketing","Lead Gen+Incentives","Partnered","Key Target","IG",,,,,,,,,,,,
"Barco","Sales and Marketing","Lead Gen+Incentives","Partnered","Key Target","IG",,,,,,,,,,,,
"SPX","Sales and Marketing","Lead Gen+Incentives","Partnered","Key Target","IG",,,,,,,,,,,,
"Bridgestone/Firestone Ag ","Sales and Marketing","Lead Gen+Incentives","Partnered","Key Target","IG",,,,,,,,,,,,
"Bard Medical","Sales and Marketing","Lead Gen+Incentives","Partnered","Key Target","IG",,,,,,,,,,,,
"Biomerieux","Sales and Marketing","Lead Gen+Incentives","Partnered","Key Target","IG",,,,,,,,,,,,
"Biomet","Sales and Marketing","Lead Gen+Incentives","Partnered","Key Target","IG",,,,,,,,,,,,
"Teleflex Medical","Sales and Marketing","Lead Gen+Incentives","Partnered","Key Target","IG",,,,,,,,,,,,
"Wright Medical Technologies","Sales and Marketing","Lead Gen+Incentives","Partnered","Key Target","IG",,,,,,,,,,,,
"Digital Insurance","Sales and Marketing","Incentives","Partnered","Key Target","IG",,,,,,,,,,,,
"Schlesinger & Associates","Sales and Marketing","Incentives","Partnered","Conversation","IG",,,,,,,,,,,,
"Office Max","Sales and Marketing","Lead Gen+Incentives","Partnered","Conversation","IG",,,,,,,,,,,,
"Staples","Sales and Marketing","Lead Gen+Incentives","Partnered","Conversation","IG",,,,,,,,,,,,
"Sunbelt Rentals","Sales Support   ","Leads Mgmt","Technekes Only","Key Target","OTH",,,,,,,,,,,,
"United Rentals","Sales Support","Mktg D/B ","Technekes Only","Opportunity","OTH",,,,,,,50000,50000,50000,50000,,
"United Rentals","Sales Support","Leads Mgmt / Sales Outreach / Performance Incentive","Technekes Only","Opportunity","OTH",,,,,,,25000,25000,25000,25000,25000,25000
"Duke Energy","Customer Outreach","K12 Save a Watt","Partnered","Conversation","OTH",,,,,,,50000,50000,50000,50000,50000,50000
"EarthLink (formerly Deltacom)","Mktg","Leads Mgmt + Performance Incentives","Partnered","Opportunity","OTH",,,,,,25000,25000,25000,25000,25000,25000,25000
"EarthLink (formerly Deltacom)","Mktg","Deepening + NPS","Technekes Only","Opportunity","OTH",,,,,,,,50000,25000,25000,25000,25000
"Lowe's","Lowe's","DCAS Appt Setting  ","Technekes Only","Conversation","OTH",,,,,,25000,25000,50000,50000,50000,50000,50000
"Lowe's","Lowe's","Key Opportunities LG","Technekes Only","No Longer An Opportunity","OTH",,,,,,25000,25000,50000,50000,50000,50000,50000
"Concur","Concur","Leads Mgmt","Technekes Only","Key Target","OTH",,,,,,,,,,,,
"White Stone Group","Sales & Marketing","Web and mktg strategy","Technekes Only","Scoped","HC",,,10000,10000,10000,10000,10000,,,,,
"Somaxon","Silenor Brand","Rep on call program","Technekes Only","Scoped","HC",,,,,,,,,,121887,14300,14300
"Zeltiq","CoolSculpting","Lead gen and appt setting","Technekes Only","No Longer An Opportunity","HC",,,,,,15000,15000,15000,15000,15000,15000,15000
"NextWave Pharma","Nexiclon XR","SA","Technekes Only","Closed","HC",,,,,,,,,,,,
"Akrimax","NitroMist","Healthy Outcomes","Technekes Only","Key Target","HC",,,,,,,,,,,,
"American Tire Distributors","Sales and Marketing","Lead Gen+Incentives","Partnered","Conversation","IG",,,,,,,,,,,,
"PediatRx","Granisol","SA/HO","Technekes Only","Scoped","HC",,,,,,,,,,85477,6067,6067
"Cochlear","Implant","Lead gen","Technekes Only","Scoped","HC",,,,,,,,25000,2500,25000,25000,25000
"Erica Bergstrom Partners","Marketing collateral","Business start up","Technekes Only","SOW","HC",,,,,,6000,,,,,,
"PSKW/NextWave","Front end verification","PAP","Technekes Only","Scoped","HC",,,,,,6000,,,5500,5500,5500,5500
"Azur Pharma","Urelle","ROC","Technekes Only","Scoped","HC",,,,,,,,,,,,
"NextWave Pharma","Quillivant","ROC","Technekes Only","Scoped","HC",,,,,,,,,,,,
"Shionogi","Cuvposa","RepOnCall","Technekes Only","Conversation","HC",,,,,,,,,,,,
"Shionogi","Moxatag","RepOnCall","Technekes Only","Scoped","HC",,,,,,,,,,,,
"Shionogi","Orapred","RepOnCall","Technekes Only","Scoped","HC",,,,,,,,,,,,
